<?xml version="1.0" encoding="UTF-8"?>
<addon id="plugin.video.aguiavavoo"
version="19.9.7matrix2"
name="Cool TV"
provider-name="ArrowNegra & Ludo Potte">
<requires>
  <import addon="xbmc.python" version="3.0.0"/>
  <import addon="script.module.requests" version="2.22.0"/>
</requires>
<extension point="xbmc.python.pluginsource" library="service.py">
  <provides>video</provides>
</extension>
<extension point="xbmc.addon.metadata">
  <summary lang="en">Cool TV</summary>
 <description lang="en">Extension pour regarder les Chaines TV par ArrowNegra et Ludo Potte</description>
    <disclaimer lang="en_GB">The author of this addon do not host any of the content which is found and have no affiliation with any of the content providers. This addon simply searches websites for content.</disclaimer>
  <assets>
	<icon>icon.png</icon>
	<fanart>fanart.jpg</fanart>
  </assets>
</extension>
</addon>
